1000L，传感器850mm,1350L，传感器1000mm,1500L，传感器1050mm,增长电容 = 341pF
留底：30L,留底：30L,留底：30L,有效容积 = 1285L
介电常数设置：1.59,介电常数设置：1.59,介电常数设置：1.59,介电常数设置：1.55
增长电容 = 307pF,增长电容 = 365pF,增长电容 = 385pF,增长电容 = 341pF
有效容积 = 949L,有效容积 = 1292L,有效容积 = 1439L,有效容积 = 1285L
"0pF(+0pF,0L,23mm)","0pF(+0pF,0L,23mm)","0pF(+0pF,0L,23mm)","0pF(+0pF,0L,23mm)"
"1pF(+1pF,0L,25mm)","1pF(+1pF,0L,25mm)","1pF(+1pF,0L,25mm)","1pF(+1pF,0L,25mm)"
"2pF(+2pF,0L,28mm)","2pF(+2pF,0L,28mm)","2pF(+2pF,0L,28mm)","2pF(+2pF,0L,28mm)"
"3pF(+3pF,0L,30mm)","3pF(+3pF,0L,30mm)","3pF(+3pF,0L,30mm)","3pF(+3pF,0L,31mm)"
"4pF(+4pF,0L,33mm)","4pF(+4pF,0L,33mm)","4pF(+4pF,0L,33mm)","4pF(+4pF,0L,34mm)"
"5pF(+5pF,0L,36mm)","5pF(+5pF,0L,36mm)","5pF(+5pF,0L,35mm)","5pF(+5pF,0L,36mm)"
"6pF(+6pF,0L,38mm)","6pF(+6pF,0L,38mm)","6pF(+6pF,0L,38mm)","6pF(+6pF,0L,39mm)"
"7pF(+7pF,0L,41mm)","7pF(+7pF,0L,41mm)","7pF(+7pF,0L,41mm)","7pF(+7pF,0L,42mm)"
"8pF(+8pF,0L,43mm)","8pF(+8pF,0L,43mm)","8pF(+8pF,0L,43mm)","8pF(+8pF,0L,45mm)"
"9pF(+9pF,0L,46mm)","9pF(+9pF,0L,46mm)","9pF(+9pF,0L,46mm)","9pF(+9pF,0L,48mm)"
"10pF(+10pF,0L,49mm)","10pF(+10pF,0L,49mm)","10pF(+10pF,0L,48mm)","10pF(+10pF,0L,50mm)"
"11pF(+11pF,0L,51mm)","11pF(+11pF,0L,51mm)","11pF(+11pF,0L,51mm)","11pF(+11pF,0L,53mm)"
"12pF(+12pF,0L,54mm)","12pF(+12pF,0L,54mm)","12pF(+12pF,0L,54mm)","12pF(+12pF,0L,56mm)"
"13pF(+13pF,0L,56mm)","13pF(+13pF,0L,56mm)","13pF(+13pF,0L,56mm)","13pF(+13pF,0L,59mm)"
"14pF(+14pF,0L,59mm)","14pF(+14pF,0L,59mm)","14pF(+14pF,0L,59mm)","14pF(+14pF,0L,62mm)"
"15pF(+15pF,0L,62mm)","15pF(+15pF,0L,62mm)","15pF(+15pF,0L,61mm)","15pF(+15pF,2L,64mm)"
"16pF(+16pF,1L,64mm)","16pF(+16pF,2L,64mm)","16pF(+16pF,3L,64mm)","16pF(+16pF,4L,67mm)"
"17pF(+17pF,3L,67mm)","17pF(+17pF,4L,67mm)","17pF(+17pF,5L,67mm)","17pF(+17pF,7L,70mm)"
"18pF(+18pF,5L,69mm)","18pF(+18pF,6L,69mm)","18pF(+18pF,7L,69mm)","18pF(+18pF,9L,73mm)"
"19pF(+19pF,7L,72mm)","19pF(+19pF,8L,72mm)","19pF(+19pF,9L,72mm)","19pF(+19pF,11L,75mm)"
"20pF(+20pF,9L,75mm)","20pF(+20pF,11L,75mm)","20pF(+20pF,11L,74mm)","20pF(+20pF,13L,78mm)"
"21pF(+21pF,11L,77mm)","21pF(+21pF,12L,77mm)","21pF(+21pF,14L,77mm)","21pF(+21pF,16L,81mm)"
"22pF(+22pF,13L,80mm)","22pF(+22pF,15L,80mm)","22pF(+22pF,16L,80mm)","22pF(+22pF,19L,84mm)"
"23pF(+23pF,15L,82mm)","23pF(+23pF,17L,82mm)","23pF(+23pF,18L,82mm)","23pF(+23pF,21L,87mm)"
"24pF(+24pF,18L,85mm)","24pF(+24pF,19L,85mm)","24pF(+24pF,21L,85mm)","24pF(+24pF,23L,89mm)"
"25pF(+25pF,20L,88mm)","25pF(+25pF,22L,88mm)","25pF(+25pF,23L,87mm)","25pF(+25pF,26L,92mm)"
"26pF(+26pF,22L,90mm)","26pF(+26pF,24L,90mm)","26pF(+26pF,25L,90mm)","26pF(+26pF,29L,95mm)"
"27pF(+27pF,25L,93mm)","27pF(+27pF,27L,93mm)","27pF(+27pF,28L,93mm)","27pF(+27pF,32L,98mm)"
"28pF(+28pF,27L,95mm)","28pF(+28pF,29L,95mm)","28pF(+28pF,30L,95mm)","28pF(+28pF,34L,101mm)"
"29pF(+29pF,29L,98mm)","29pF(+29pF,32L,98mm)","29pF(+29pF,33L,98mm)","29pF(+29pF,36L,103mm)"
"30pF(+30pF,32L,101mm)","30pF(+30pF,34L,101mm)","30pF(+30pF,35L,100mm)","30pF(+30pF,39L,106mm)"
"31pF(+31pF,34L,103mm)","31pF(+31pF,36L,103mm)","31pF(+31pF,38L,103mm)","31pF(+31pF,42L,109mm)"
"32pF(+32pF,37L,106mm)","32pF(+32pF,39L,106mm)","32pF(+32pF,41L,106mm)","32pF(+32pF,46L,112mm)"
"33pF(+33pF,39L,108mm)","33pF(+33pF,41L,108mm)","33pF(+33pF,43L,108mm)","33pF(+33pF,48L,114mm)"
"34pF(+34pF,42L,111mm)","34pF(+34pF,44L,111mm)","34pF(+34pF,47L,111mm)","34pF(+34pF,51L,117mm)"
"35pF(+35pF,45L,114mm)","35pF(+35pF,48L,114mm)","35pF(+35pF,49L,113mm)","35pF(+35pF,54L,120mm)"
"36pF(+36pF,47L,116mm)","36pF(+36pF,50L,116mm)","36pF(+36pF,52L,116mm)","36pF(+36pF,57L,123mm)"
"37pF(+37pF,50L,119mm)","37pF(+37pF,53L,119mm)","37pF(+37pF,55L,119mm)","37pF(+37pF,60L,126mm)"
"38pF(+38pF,53L,122mm)","38pF(+38pF,55L,121mm)","38pF(+38pF,57L,121mm)","38pF(+38pF,63L,128mm)"
"39pF(+39pF,55L,124mm)","39pF(+39pF,58L,124mm)","39pF(+39pF,61L,124mm)","39pF(+39pF,66L,131mm)"
"40pF(+40pF,58L,127mm)","40pF(+40pF,61L,127mm)","40pF(+40pF,63L,126mm)","40pF(+40pF,69L,134mm)"
"41pF(+41pF,60L,129mm)","41pF(+41pF,64L,129mm)","41pF(+41pF,66L,129mm)","41pF(+41pF,73L,137mm)"
"42pF(+42pF,63L,132mm)","42pF(+42pF,67L,132mm)","42pF(+42pF,70L,132mm)","42pF(+42pF,76L,140mm)"
"43pF(+43pF,66L,135mm)","43pF(+43pF,69L,134mm)","43pF(+43pF,72L,134mm)","43pF(+43pF,78L,142mm)"
"44pF(+44pF,68L,137mm)","44pF(+44pF,73L,137mm)","44pF(+44pF,76L,137mm)","44pF(+44pF,82L,145mm)"
"45pF(+45pF,72L,140mm)","45pF(+45pF,76L,140mm)","45pF(+45pF,78L,139mm)","45pF(+45pF,85L,148mm)"
"46pF(+46pF,74L,142mm)","46pF(+46pF,78L,142mm)","46pF(+46pF,81L,142mm)","46pF(+46pF,89L,151mm)"
"47pF(+47pF,77L,145mm)","47pF(+47pF,82L,145mm)","47pF(+47pF,85L,145mm)","47pF(+47pF,91L,153mm)"
"48pF(+48pF,80L,148mm)","48pF(+48pF,84L,147mm)","48pF(+48pF,88L,147mm)","48pF(+48pF,95L,156mm)"
"49pF(+49pF,83L,150mm)","49pF(+49pF,88L,150mm)","49pF(+49pF,91L,150mm)","49pF(+49pF,99L,159mm)"
"50pF(+50pF,86L,153mm)","50pF(+50pF,91L,153mm)","50pF(+50pF,94L,152mm)","50pF(+50pF,102L,162mm)"
"51pF(+51pF,88L,155mm)","51pF(+51pF,94L,155mm)","51pF(+51pF,97L,155mm)","51pF(+51pF,106L,165mm)"
"52pF(+52pF,92L,158mm)","52pF(+52pF,97L,158mm)","52pF(+52pF,101L,158mm)","52pF(+52pF,109L,167mm)"
"53pF(+53pF,95L,161mm)","53pF(+53pF,100L,160mm)","53pF(+53pF,104L,160mm)","53pF(+53pF,112L,170mm)"
"54pF(+54pF,98L,163mm)","54pF(+54pF,104L,163mm)","54pF(+54pF,107L,163mm)","54pF(+54pF,116L,173mm)"
"55pF(+55pF,101L,166mm)","55pF(+55pF,107L,166mm)","55pF(+55pF,110L,165mm)","55pF(+55pF,120L,176mm)"
"56pF(+56pF,103L,168mm)","56pF(+56pF,110L,168mm)","56pF(+56pF,114L,168mm)","56pF(+56pF,124L,179mm)"
"57pF(+57pF,107L,171mm)","57pF(+57pF,114L,171mm)","57pF(+57pF,118L,171mm)","57pF(+57pF,126L,181mm)"
"58pF(+58pF,111L,174mm)","58pF(+58pF,116L,173mm)","58pF(+58pF,120L,173mm)","58pF(+58pF,130L,184mm)"
"59pF(+59pF,113L,176mm)","59pF(+59pF,120L,176mm)","59pF(+59pF,124L,176mm)","59pF(+59pF,134L,187mm)"
"60pF(+60pF,117L,179mm)","60pF(+60pF,124L,179mm)","60pF(+60pF,127L,178mm)","60pF(+60pF,138L,190mm)"
"61pF(+61pF,119L,181mm)","61pF(+61pF,126L,181mm)","61pF(+61pF,131L,181mm)","61pF(+61pF,141L,192mm)"
"62pF(+62pF,123L,184mm)","62pF(+62pF,130L,184mm)","62pF(+62pF,135L,184mm)","62pF(+62pF,145L,195mm)"
"63pF(+63pF,126L,187mm)","63pF(+63pF,133L,186mm)","63pF(+63pF,138L,186mm)","63pF(+63pF,149L,198mm)"
"64pF(+64pF,129L,189mm)","64pF(+64pF,137L,189mm)","64pF(+64pF,142L,189mm)","64pF(+64pF,153L,201mm)"
"65pF(+65pF,133L,192mm)","65pF(+65pF,141L,192mm)","65pF(+65pF,145L,191mm)","65pF(+65pF,157L,204mm)"
"66pF(+66pF,135L,194mm)","66pF(+66pF,144L,194mm)","66pF(+66pF,149L,194mm)","66pF(+66pF,160L,206mm)"
"67pF(+67pF,139L,197mm)","67pF(+67pF,148L,197mm)","67pF(+67pF,153L,197mm)","67pF(+67pF,164L,209mm)"
"68pF(+68pF,143L,200mm)","68pF(+68pF,150L,199mm)","68pF(+68pF,156L,199mm)","68pF(+68pF,168L,212mm)"
"69pF(+69pF,145L,202mm)","69pF(+69pF,154L,202mm)","69pF(+69pF,160L,202mm)","69pF(+69pF,172L,215mm)"
"70pF(+70pF,149L,205mm)","70pF(+70pF,159L,205mm)","70pF(+70pF,163L,204mm)","70pF(+70pF,177L,218mm)"
"71pF(+71pF,153L,208mm)","71pF(+71pF,161L,207mm)","71pF(+71pF,167L,207mm)","71pF(+71pF,179L,220mm)"
"72pF(+72pF,155L,210mm)","72pF(+72pF,165L,210mm)","72pF(+72pF,171L,210mm)","72pF(+72pF,184L,223mm)"
"73pF(+73pF,159L,213mm)","73pF(+73pF,170L,213mm)","73pF(+73pF,174L,212mm)","73pF(+73pF,188L,226mm)"
"74pF(+74pF,162L,215mm)","74pF(+74pF,172L,215mm)","74pF(+74pF,179L,215mm)","74pF(+74pF,192L,229mm)"
"75pF(+75pF,166L,218mm)","75pF(+75pF,177L,218mm)","75pF(+75pF,182L,217mm)","75pF(+75pF,195L,231mm)"
"76pF(+76pF,170L,221mm)","76pF(+76pF,179L,220mm)","76pF(+76pF,186L,220mm)","76pF(+76pF,200L,234mm)"
"77pF(+77pF,173L,223mm)","77pF(+77pF,184L,223mm)","77pF(+77pF,190L,223mm)","77pF(+77pF,204L,237mm)"
"78pF(+78pF,177L,226mm)","78pF(+78pF,188L,226mm)","78pF(+78pF,193L,225mm)","78pF(+78pF,208L,240mm)"
"79pF(+79pF,179L,228mm)","79pF(+79pF,191L,228mm)","79pF(+79pF,198L,228mm)","79pF(+79pF,213L,243mm)"
"80pF(+80pF,183L,231mm)","80pF(+80pF,195L,231mm)","80pF(+80pF,201L,230mm)","80pF(+80pF,216L,245mm)"
"81pF(+81pF,187L,234mm)","81pF(+81pF,198L,233mm)","81pF(+81pF,205L,233mm)","81pF(+81pF,220L,248mm)"
"82pF(+82pF,190L,236mm)","82pF(+82pF,202L,236mm)","82pF(+82pF,208L,235mm)","82pF(+82pF,225L,251mm)"
"83pF(+83pF,194L,239mm)","83pF(+83pF,207L,239mm)","83pF(+83pF,213L,238mm)","83pF(+83pF,229L,254mm)"
"84pF(+84pF,197L,241mm)","84pF(+84pF,210L,241mm)","84pF(+84pF,217L,241mm)","84pF(+84pF,234L,257mm)"
"85pF(+85pF,201L,244mm)","85pF(+85pF,214L,244mm)","85pF(+85pF,220L,243mm)","85pF(+85pF,237L,259mm)"
"86pF(+86pF,205L,247mm)","86pF(+86pF,217L,246mm)","86pF(+86pF,225L,246mm)","86pF(+86pF,241L,262mm)"
"87pF(+87pF,208L,249mm)","87pF(+87pF,222L,249mm)","87pF(+87pF,228L,248mm)","87pF(+87pF,246L,265mm)"
"88pF(+88pF,212L,252mm)","88pF(+88pF,226L,252mm)","88pF(+88pF,233L,251mm)","88pF(+88pF,250L,268mm)"
"89pF(+89pF,215L,254mm)","89pF(+89pF,229L,254mm)","89pF(+89pF,238L,254mm)","89pF(+89pF,254L,270mm)"
"90pF(+90pF,219L,257mm)","90pF(+90pF,234L,257mm)","90pF(+90pF,241L,256mm)","90pF(+90pF,258L,273mm)"
"91pF(+91pF,223L,260mm)","91pF(+91pF,237L,259mm)","91pF(+91pF,245L,259mm)","91pF(+91pF,263L,276mm)"
"92pF(+92pF,226L,262mm)","92pF(+92pF,241L,262mm)","92pF(+92pF,248L,261mm)","92pF(+92pF,267L,279mm)"
"93pF(+93pF,230L,265mm)","93pF(+93pF,246L,265mm)","93pF(+93pF,253L,264mm)","93pF(+93pF,272L,282mm)"
"94pF(+94pF,233L,267mm)","94pF(+94pF,249L,267mm)","94pF(+94pF,258L,267mm)","94pF(+94pF,275L,284mm)"
"95pF(+95pF,237L,270mm)","95pF(+95pF,254L,270mm)","95pF(+95pF,261L,269mm)","95pF(+95pF,280L,287mm)"
"96pF(+96pF,241L,273mm)","96pF(+96pF,257L,272mm)","96pF(+96pF,266L,272mm)","96pF(+96pF,285L,290mm)"
"97pF(+97pF,244L,275mm)","97pF(+97pF,261L,275mm)","97pF(+97pF,269L,274mm)","97pF(+97pF,289L,293mm)"
"98pF(+98pF,248L,278mm)","98pF(+98pF,266L,278mm)","98pF(+98pF,274L,277mm)","98pF(+98pF,294L,296mm)"
"99pF(+99pF,251L,280mm)","99pF(+99pF,269L,280mm)","99pF(+99pF,279L,280mm)","99pF(+99pF,297L,298mm)"
"100pF(+100pF,256L,283mm)","100pF(+100pF,274L,283mm)","100pF(+100pF,282L,282mm)","100pF(+100pF,302L,301mm)"
"101pF(+101pF,260L,286mm)","101pF(+101pF,277L,285mm)","101pF(+101pF,287L,285mm)","101pF(+101pF,307L,304mm)"
"102pF(+102pF,263L,288mm)","102pF(+102pF,282L,288mm)","102pF(+102pF,290L,287mm)","102pF(+102pF,312L,307mm)"
"103pF(+103pF,267L,291mm)","103pF(+103pF,286L,291mm)","103pF(+103pF,295L,290mm)","103pF(+103pF,315L,309mm)"
"104pF(+104pF,272L,294mm)","104pF(+104pF,289L,293mm)","104pF(+104pF,300L,293mm)","104pF(+104pF,320L,312mm)"
"105pF(+105pF,274L,296mm)","105pF(+105pF,294L,296mm)","105pF(+105pF,303L,295mm)","105pF(+105pF,325L,315mm)"
"106pF(+106pF,279L,299mm)","106pF(+106pF,297L,298mm)","106pF(+106pF,308L,298mm)","106pF(+106pF,330L,318mm)"
"107pF(+107pF,282L,301mm)","107pF(+107pF,302L,301mm)","107pF(+107pF,312L,300mm)","107pF(+107pF,335L,321mm)"
"108pF(+108pF,286L,304mm)","108pF(+108pF,307L,304mm)","108pF(+108pF,317L,303mm)","108pF(+108pF,338L,323mm)"
"109pF(+109pF,290L,307mm)","109pF(+109pF,310L,306mm)","109pF(+109pF,322L,306mm)","109pF(+109pF,343L,326mm)"
"110pF(+110pF,293L,309mm)","110pF(+110pF,315L,309mm)","110pF(+110pF,325L,308mm)","110pF(+110pF,348L,329mm)"
"111pF(+111pF,298L,312mm)","111pF(+111pF,318L,311mm)","111pF(+111pF,330L,311mm)","111pF(+111pF,353L,332mm)"
"112pF(+112pF,301L,314mm)","112pF(+112pF,323L,314mm)","112pF(+112pF,334L,313mm)","112pF(+112pF,358L,335mm)"
"113pF(+113pF,305L,317mm)","113pF(+113pF,328L,317mm)","113pF(+113pF,339L,316mm)","113pF(+113pF,361L,337mm)"
"114pF(+114pF,310L,320mm)","114pF(+114pF,331L,319mm)","114pF(+114pF,344L,319mm)","114pF(+114pF,366L,340mm)"
"115pF(+115pF,313L,322mm)","115pF(+115pF,336L,322mm)","115pF(+115pF,347L,321mm)","115pF(+115pF,371L,343mm)"
"116pF(+116pF,317L,325mm)","116pF(+116pF,340L,324mm)","116pF(+116pF,352L,324mm)","116pF(+116pF,376L,346mm)"
"117pF(+117pF,320L,327mm)","117pF(+117pF,344L,327mm)","117pF(+117pF,356L,326mm)","117pF(+117pF,379L,348mm)"
"118pF(+118pF,325L,330mm)","118pF(+118pF,349L,330mm)","118pF(+118pF,361L,329mm)","118pF(+118pF,384L,351mm)"
"119pF(+119pF,329L,333mm)","119pF(+119pF,353L,332mm)","119pF(+119pF,366L,332mm)","119pF(+119pF,389L,354mm)"
"120pF(+120pF,332L,335mm)","120pF(+120pF,358L,335mm)","120pF(+120pF,369L,334mm)","120pF(+120pF,395L,357mm)"
"121pF(+121pF,337L,338mm)","121pF(+121pF,361L,337mm)","121pF(+121pF,375L,337mm)","121pF(+121pF,400L,360mm)"
"122pF(+122pF,340L,340mm)","122pF(+122pF,366L,340mm)","122pF(+122pF,378L,339mm)","122pF(+122pF,403L,362mm)"
"123pF(+123pF,344L,343mm)","123pF(+123pF,371L,343mm)","123pF(+123pF,383L,342mm)","123pF(+123pF,408L,365mm)"
"124pF(+124pF,349L,346mm)","124pF(+124pF,374L,345mm)","124pF(+124pF,389L,345mm)","124pF(+124pF,413L,368mm)"
"125pF(+125pF,352L,348mm)","125pF(+125pF,379L,348mm)","125pF(+125pF,392L,347mm)","125pF(+125pF,418L,371mm)"
"126pF(+126pF,356L,351mm)","126pF(+126pF,383L,350mm)","126pF(+126pF,397L,350mm)","126pF(+126pF,423L,374mm)"
"127pF(+127pF,359L,353mm)","127pF(+127pF,388L,353mm)","127pF(+127pF,401L,352mm)","127pF(+127pF,427L,376mm)"
"128pF(+128pF,364L,356mm)","128pF(+128pF,393L,356mm)","128pF(+128pF,406L,355mm)","128pF(+128pF,432L,379mm)"
"129pF(+129pF,368L,359mm)","129pF(+129pF,396L,358mm)","129pF(+129pF,411L,358mm)","129pF(+129pF,437L,382mm)"
"130pF(+130pF,371L,361mm)","130pF(+130pF,401L,361mm)","130pF(+130pF,415L,360mm)","130pF(+130pF,442L,385mm)"
"131pF(+131pF,376L,364mm)","131pF(+131pF,405L,363mm)","131pF(+131pF,420L,363mm)","131pF(+131pF,446L,387mm)"
"132pF(+132pF,379L,366mm)","132pF(+132pF,410L,366mm)","132pF(+132pF,424L,365mm)","132pF(+132pF,451L,390mm)"
"133pF(+133pF,384L,369mm)","133pF(+133pF,415L,369mm)","133pF(+133pF,429L,368mm)","133pF(+133pF,456L,393mm)"
"134pF(+134pF,388L,372mm)","134pF(+134pF,418L,371mm)","134pF(+134pF,434L,371mm)","134pF(+134pF,461L,396mm)"
"135pF(+135pF,391L,374mm)","135pF(+135pF,423L,374mm)","135pF(+135pF,438L,373mm)","135pF(+135pF,466L,399mm)"
"136pF(+136pF,396L,377mm)","136pF(+136pF,427L,376mm)","136pF(+136pF,443L,376mm)","136pF(+136pF,470L,401mm)"
"137pF(+137pF,400L,380mm)","137pF(+137pF,432L,379mm)","137pF(+137pF,447L,378mm)","137pF(+137pF,475L,404mm)"
"138pF(+138pF,403L,382mm)","138pF(+138pF,437L,382mm)","138pF(+138pF,452L,381mm)","138pF(+138pF,480L,407mm)"
"139pF(+139pF,408L,385mm)","139pF(+139pF,441L,384mm)","139pF(+139pF,458L,384mm)","139pF(+139pF,486L,410mm)"
"140pF(+140pF,411L,387mm)","140pF(+140pF,446L,387mm)","140pF(+140pF,461L,386mm)","140pF(+140pF,491L,413mm)"
"141pF(+141pF,416L,390mm)","141pF(+141pF,449L,389mm)","141pF(+141pF,467L,389mm)","141pF(+141pF,494L,415mm)"
"142pF(+142pF,420L,393mm)","142pF(+142pF,454L,392mm)","142pF(+142pF,470L,391mm)","142pF(+142pF,499L,418mm)"
"143pF(+143pF,423L,395mm)","143pF(+143pF,459L,395mm)","143pF(+143pF,476L,394mm)","143pF(+143pF,505L,421mm)"
"144pF(+144pF,428L,398mm)","144pF(+144pF,463L,397mm)","144pF(+144pF,481L,397mm)","144pF(+144pF,510L,424mm)"
"145pF(+145pF,431L,400mm)","145pF(+145pF,468L,400mm)","145pF(+145pF,485L,399mm)","145pF(+145pF,514L,426mm)"
"146pF(+146pF,436L,403mm)","146pF(+146pF,473L,403mm)","146pF(+146pF,490L,402mm)","146pF(+146pF,519L,429mm)"
"147pF(+147pF,440L,406mm)","147pF(+147pF,477L,405mm)","147pF(+147pF,494L,404mm)","147pF(+147pF,524L,432mm)"
"148pF(+148pF,443L,408mm)","148pF(+148pF,482L,408mm)","148pF(+148pF,499L,407mm)","148pF(+148pF,529L,435mm)"
"149pF(+149pF,448L,411mm)","149pF(+149pF,486L,410mm)","149pF(+149pF,505L,410mm)","149pF(+149pF,535L,438mm)"
"150pF(+150pF,451L,413mm)","150pF(+150pF,491L,413mm)","150pF(+150pF,509L,412mm)","150pF(+150pF,538L,440mm)"
"151pF(+151pF,456L,416mm)","151pF(+151pF,496L,416mm)","151pF(+151pF,514L,415mm)","151pF(+151pF,543L,443mm)"
"152pF(+152pF,460L,419mm)","152pF(+152pF,499L,418mm)","152pF(+152pF,518L,417mm)","152pF(+152pF,549L,446mm)"
"153pF(+153pF,463L,421mm)","153pF(+153pF,505L,421mm)","153pF(+153pF,523L,420mm)","153pF(+153pF,554L,449mm)"
"154pF(+154pF,468L,424mm)","154pF(+154pF,508L,423mm)","154pF(+154pF,529L,423mm)","154pF(+154pF,559L,452mm)"
"155pF(+155pF,471L,426mm)","155pF(+155pF,514L,426mm)","155pF(+155pF,532L,425mm)","155pF(+155pF,563L,454mm)"
"156pF(+156pF,476L,429mm)","156pF(+156pF,519L,429mm)","156pF(+156pF,538L,428mm)","156pF(+156pF,568L,457mm)"
"157pF(+157pF,480L,432mm)","157pF(+157pF,522L,431mm)","157pF(+157pF,542L,430mm)","157pF(+157pF,573L,460mm)"
"158pF(+158pF,483L,434mm)","158pF(+158pF,528L,434mm)","158pF(+158pF,547L,433mm)","158pF(+158pF,579L,463mm)"
"159pF(+159pF,488L,437mm)","159pF(+159pF,531L,436mm)","159pF(+159pF,551L,435mm)","159pF(+159pF,582L,465mm)"
"160pF(+160pF,491L,439mm)","160pF(+160pF,536L,439mm)","160pF(+160pF,556L,438mm)","160pF(+160pF,588L,468mm)"
"161pF(+161pF,496L,442mm)","161pF(+161pF,542L,442mm)","161pF(+161pF,562L,441mm)","161pF(+161pF,593L,471mm)"
"162pF(+162pF,500L,445mm)","162pF(+162pF,545L,444mm)","162pF(+162pF,566L,443mm)","162pF(+162pF,598L,474mm)"
"163pF(+163pF,503L,447mm)","163pF(+163pF,550L,447mm)","163pF(+163pF,571L,446mm)","163pF(+163pF,604L,477mm)"
"164pF(+164pF,508L,450mm)","164pF(+164pF,554L,449mm)","164pF(+164pF,575L,448mm)","164pF(+164pF,607L,479mm)"
"165pF(+165pF,511L,452mm)","165pF(+165pF,559L,452mm)","165pF(+165pF,581L,451mm)","165pF(+165pF,613L,482mm)"
"166pF(+166pF,516L,455mm)","166pF(+166pF,565L,455mm)","166pF(+166pF,586L,454mm)","166pF(+166pF,618L,485mm)"
"167pF(+167pF,520L,458mm)","167pF(+167pF,568L,457mm)","167pF(+167pF,590L,456mm)","167pF(+167pF,623L,488mm)"
"168pF(+168pF,523L,460mm)","168pF(+168pF,573L,460mm)","168pF(+168pF,596L,459mm)","168pF(+168pF,628L,491mm)"
"169pF(+169pF,528L,463mm)","169pF(+169pF,577L,462mm)","169pF(+169pF,599L,461mm)","169pF(+169pF,632L,493mm)"
"170pF(+170pF,531L,465mm)","170pF(+170pF,582L,465mm)","170pF(+170pF,605L,464mm)","170pF(+170pF,637L,496mm)"
"171pF(+171pF,536L,468mm)","171pF(+171pF,588L,468mm)","171pF(+171pF,610L,467mm)","171pF(+171pF,643L,499mm)"
"172pF(+172pF,540L,471mm)","172pF(+172pF,591L,470mm)","172pF(+172pF,614L,469mm)","172pF(+172pF,648L,502mm)"
"173pF(+173pF,543L,473mm)","173pF(+173pF,597L,473mm)","173pF(+173pF,620L,472mm)","173pF(+173pF,652L,504mm)"
"174pF(+174pF,548L,476mm)","174pF(+174pF,600L,475mm)","174pF(+174pF,624L,474mm)","174pF(+174pF,657L,507mm)"
"175pF(+175pF,552L,479mm)","175pF(+175pF,605L,478mm)","175pF(+175pF,629L,477mm)","175pF(+175pF,662L,510mm)"
"176pF(+176pF,555L,481mm)","176pF(+176pF,611L,481mm)","176pF(+176pF,635L,480mm)","176pF(+176pF,668L,513mm)"
"177pF(+177pF,560L,484mm)","177pF(+177pF,614L,483mm)","177pF(+177pF,639L,482mm)","177pF(+177pF,673L,516mm)"
"178pF(+178pF,563L,486mm)","178pF(+178pF,620L,486mm)","178pF(+178pF,644L,485mm)","178pF(+178pF,676L,518mm)"
"179pF(+179pF,568L,489mm)","179pF(+179pF,623L,488mm)","179pF(+179pF,648L,487mm)","179pF(+179pF,682L,521mm)"
"180pF(+180pF,572L,492mm)","180pF(+180pF,628L,491mm)","180pF(+180pF,654L,490mm)","180pF(+180pF,687L,524mm)"
"181pF(+181pF,575L,494mm)","181pF(+181pF,634L,494mm)","181pF(+181pF,659L,493mm)","181pF(+181pF,692L,527mm)"
"182pF(+182pF,580L,497mm)","182pF(+182pF,637L,496mm)","182pF(+182pF,663L,495mm)","182pF(+182pF,698L,530mm)"
"183pF(+183pF,583L,499mm)","183pF(+183pF,643L,499mm)","183pF(+183pF,669L,498mm)","183pF(+183pF,701L,532mm)"
"184pF(+184pF,587L,502mm)","184pF(+184pF,646L,501mm)","184pF(+184pF,672L,500mm)","184pF(+184pF,707L,535mm)"
"185pF(+185pF,592L,505mm)","185pF(+185pF,652L,504mm)","185pF(+185pF,678L,503mm)","185pF(+185pF,712L,538mm)"
"186pF(+186pF,595L,507mm)","186pF(+186pF,657L,507mm)","186pF(+186pF,684L,506mm)","186pF(+186pF,717L,541mm)"
"187pF(+187pF,599L,510mm)","187pF(+187pF,661L,509mm)","187pF(+187pF,687L,508mm)","187pF(+187pF,721L,543mm)"
"188pF(+188pF,602L,512mm)","188pF(+188pF,666L,512mm)","188pF(+188pF,693L,511mm)","188pF(+188pF,726L,546mm)"
"189pF(+189pF,607L,515mm)","189pF(+189pF,669L,514mm)","189pF(+189pF,697L,513mm)","189pF(+189pF,731L,549mm)"
"190pF(+190pF,611L,518mm)","190pF(+190pF,675L,517mm)","190pF(+190pF,703L,516mm)","190pF(+190pF,737L,552mm)"
"191pF(+191pF,614L,520mm)","191pF(+191pF,680L,520mm)","191pF(+191pF,708L,519mm)","191pF(+191pF,742L,555mm)"
"192pF(+192pF,619L,523mm)","192pF(+192pF,684L,522mm)","192pF(+192pF,712L,521mm)","192pF(+192pF,746L,557mm)"
"193pF(+193pF,622L,525mm)","193pF(+193pF,689L,525mm)","193pF(+193pF,718L,524mm)","193pF(+193pF,751L,560mm)"
"194pF(+194pF,626L,528mm)","194pF(+194pF,692L,527mm)","194pF(+194pF,721L,526mm)","194pF(+194pF,756L,563mm)"
"195pF(+195pF,631L,531mm)","195pF(+195pF,698L,530mm)","195pF(+195pF,727L,529mm)","195pF(+195pF,761L,566mm)"
"196pF(+196pF,634L,533mm)","196pF(+196pF,703L,533mm)","196pF(+196pF,733L,532mm)","196pF(+196pF,767L,569mm)"
"197pF(+197pF,638L,536mm)","197pF(+197pF,707L,535mm)","197pF(+197pF,736L,534mm)","197pF(+197pF,770L,571mm)"
"198pF(+198pF,641L,538mm)","198pF(+198pF,712L,538mm)","198pF(+198pF,742L,537mm)","198pF(+198pF,775L,574mm)"
"199pF(+199pF,646L,541mm)","199pF(+199pF,716L,540mm)","199pF(+199pF,746L,539mm)","199pF(+199pF,781L,577mm)"
"200pF(+200pF,650L,544mm)","200pF(+200pF,721L,543mm)","200pF(+200pF,752L,542mm)","200pF(+200pF,786L,580mm)"
"201pF(+201pF,653L,546mm)","201pF(+201pF,726L,546mm)","201pF(+201pF,757L,545mm)","201pF(+201pF,790L,582mm)"
"202pF(+202pF,657L,549mm)","202pF(+202pF,730L,548mm)","202pF(+202pF,761L,547mm)","202pF(+202pF,795L,585mm)"
"203pF(+203pF,660L,551mm)","203pF(+203pF,735L,551mm)","203pF(+203pF,767L,550mm)","203pF(+203pF,800L,588mm)"
"204pF(+204pF,665L,554mm)","204pF(+204pF,739L,553mm)","204pF(+204pF,770L,552mm)","204pF(+204pF,805L,591mm)"
"205pF(+205pF,669L,557mm)","205pF(+205pF,744L,556mm)","205pF(+205pF,776L,555mm)","205pF(+205pF,810L,594mm)"
"206pF(+206pF,672L,559mm)","206pF(+206pF,749L,559mm)","206pF(+206pF,782L,558mm)","206pF(+206pF,814L,596mm)"
"207pF(+207pF,676L,562mm)","207pF(+207pF,753L,561mm)","207pF(+207pF,785L,560mm)","207pF(+207pF,819L,599mm)"
"208pF(+208pF,681L,565mm)","208pF(+208pF,758L,564mm)","208pF(+208pF,791L,563mm)","208pF(+208pF,824L,602mm)"
"209pF(+209pF,683L,567mm)","209pF(+209pF,761L,566mm)","209pF(+209pF,795L,565mm)","209pF(+209pF,830L,605mm)"
"210pF(+210pF,688L,570mm)","210pF(+210pF,767L,569mm)","210pF(+210pF,800L,568mm)","210pF(+210pF,835L,608mm)"
"211pF(+211pF,691L,572mm)","211pF(+211pF,772L,572mm)","211pF(+211pF,806L,571mm)","211pF(+211pF,838L,610mm)"
"212pF(+212pF,695L,575mm)","212pF(+212pF,775L,574mm)","212pF(+212pF,810L,573mm)","212pF(+212pF,843L,613mm)"
"213pF(+213pF,699L,578mm)","213pF(+213pF,781L,577mm)","213pF(+213pF,815L,576mm)","213pF(+213pF,848L,616mm)"
"214pF(+214pF,702L,580mm)","214pF(+214pF,784L,579mm)","214pF(+214pF,819L,578mm)","214pF(+214pF,854L,619mm)"
"215pF(+215pF,706L,583mm)","215pF(+215pF,790L,582mm)","215pF(+215pF,825L,581mm)","215pF(+215pF,857L,621mm)"
"216pF(+216pF,709L,585mm)","216pF(+216pF,795L,585mm)","216pF(+216pF,830L,584mm)","216pF(+216pF,862L,624mm)"
"217pF(+217pF,713L,588mm)","217pF(+217pF,798L,587mm)","217pF(+217pF,834L,586mm)","217pF(+217pF,867L,627mm)"
"218pF(+218pF,717L,591mm)","218pF(+218pF,803L,590mm)","218pF(+218pF,840L,589mm)","218pF(+218pF,872L,630mm)"
"219pF(+219pF,720L,593mm)","219pF(+219pF,809L,593mm)","219pF(+219pF,843L,591mm)","219pF(+219pF,878L,633mm)"
"220pF(+220pF,724L,596mm)","220pF(+220pF,812L,595mm)","220pF(+220pF,849L,594mm)","220pF(+220pF,881L,635mm)"
"221pF(+221pF,727L,598mm)","221pF(+221pF,817L,598mm)","221pF(+221pF,855L,597mm)","221pF(+221pF,886L,638mm)"
"222pF(+222pF,731L,601mm)","222pF(+222pF,821L,600mm)","222pF(+222pF,858L,599mm)","222pF(+222pF,891L,641mm)"
"223pF(+223pF,735L,604mm)","223pF(+223pF,826L,603mm)","223pF(+223pF,864L,602mm)","223pF(+223pF,896L,644mm)"
"224pF(+224pF,738L,606mm)","224pF(+224pF,831L,606mm)","224pF(+224pF,868L,604mm)","224pF(+224pF,901L,647mm)"
"225pF(+225pF,742L,609mm)","225pF(+225pF,835L,608mm)","225pF(+225pF,873L,607mm)","225pF(+225pF,905L,649mm)"
"226pF(+226pF,745L,611mm)","226pF(+226pF,840L,611mm)","226pF(+226pF,879L,610mm)","226pF(+226pF,910L,652mm)"
"227pF(+227pF,749L,614mm)","227pF(+227pF,843L,613mm)","227pF(+227pF,883L,612mm)","227pF(+227pF,915L,655mm)"
"228pF(+228pF,753L,617mm)","228pF(+228pF,848L,616mm)","228pF(+228pF,888L,615mm)","228pF(+228pF,920L,658mm)"
"229pF(+229pF,756L,619mm)","229pF(+229pF,854L,619mm)","229pF(+229pF,892L,617mm)","229pF(+229pF,923L,660mm)"
"230pF(+230pF,760L,622mm)","230pF(+230pF,857L,621mm)","230pF(+230pF,897L,620mm)","230pF(+230pF,928L,663mm)"
"231pF(+231pF,762L,624mm)","231pF(+231pF,862L,624mm)","231pF(+231pF,903L,623mm)","231pF(+231pF,933L,666mm)"
"232pF(+232pF,766L,627mm)","232pF(+232pF,866L,626mm)","232pF(+232pF,907L,625mm)","232pF(+232pF,938L,669mm)"
"233pF(+233pF,770L,630mm)","233pF(+233pF,871L,629mm)","233pF(+233pF,912L,628mm)","233pF(+233pF,943L,672mm)"
"234pF(+234pF,773L,632mm)","234pF(+234pF,876L,632mm)","234pF(+234pF,916L,630mm)","234pF(+234pF,946L,674mm)"
"235pF(+235pF,777L,635mm)","235pF(+235pF,879L,634mm)","235pF(+235pF,921L,633mm)","235pF(+235pF,951L,677mm)"
"236pF(+236pF,780L,637mm)","236pF(+236pF,884L,637mm)","236pF(+236pF,925L,635mm)","236pF(+236pF,956L,680mm)"
"237pF(+237pF,784L,640mm)","237pF(+237pF,888L,639mm)","237pF(+237pF,930L,638mm)","237pF(+237pF,961L,683mm)"
"238pF(+238pF,787L,643mm)","238pF(+238pF,893L,642mm)","238pF(+238pF,936L,641mm)","238pF(+238pF,966L,686mm)"
"239pF(+239pF,790L,645mm)","239pF(+239pF,898L,645mm)","239pF(+239pF,940L,643mm)","239pF(+239pF,969L,688mm)"
"240pF(+240pF,794L,648mm)","240pF(+240pF,901L,647mm)","240pF(+240pF,945L,646mm)","240pF(+240pF,974L,691mm)"
"241pF(+241pF,798L,651mm)","241pF(+241pF,906L,650mm)","241pF(+241pF,949L,648mm)","241pF(+241pF,979L,694mm)"
"242pF(+242pF,800L,653mm)","242pF(+242pF,910L,652mm)","242pF(+242pF,954L,651mm)","242pF(+242pF,984L,697mm)"
"243pF(+243pF,804L,656mm)","243pF(+243pF,915L,655mm)","243pF(+243pF,960L,654mm)","243pF(+243pF,987L,699mm)"
"244pF(+244pF,806L,658mm)","244pF(+244pF,920L,658mm)","244pF(+244pF,963L,656mm)","244pF(+244pF,992L,702mm)"
"245pF(+245pF,810L,661mm)","245pF(+245pF,923L,660mm)","245pF(+245pF,969L,659mm)","245pF(+245pF,996L,705mm)"
"246pF(+246pF,814L,664mm)","246pF(+246pF,928L,663mm)","246pF(+246pF,972L,661mm)","246pF(+246pF,1001L,708mm)"
"247pF(+247pF,816L,666mm)","247pF(+247pF,931L,665mm)","247pF(+247pF,978L,664mm)","247pF(+247pF,1006L,711mm)"
"248pF(+248pF,820L,669mm)","248pF(+248pF,936L,668mm)","248pF(+248pF,983L,667mm)","248pF(+248pF,1009L,713mm)"
"249pF(+249pF,822L,671mm)","249pF(+249pF,941L,671mm)","249pF(+249pF,987L,669mm)","249pF(+249pF,1014L,716mm)"
"250pF(+250pF,826L,674mm)","250pF(+250pF,945L,673mm)","250pF(+250pF,992L,672mm)","250pF(+250pF,1018L,719mm)"
"251pF(+251pF,830L,677mm)","251pF(+251pF,949L,676mm)","251pF(+251pF,996L,674mm)","251pF(+251pF,1023L,722mm)"
"252pF(+252pF,832L,679mm)","252pF(+252pF,953L,678mm)","252pF(+252pF,1001L,677mm)","252pF(+252pF,1028L,725mm)"
"253pF(+253pF,836L,682mm)","253pF(+253pF,958L,681mm)","253pF(+253pF,1006L,680mm)","253pF(+253pF,1031L,727mm)"
"254pF(+254pF,838L,684mm)","254pF(+254pF,963L,684mm)","254pF(+254pF,1010L,682mm)","254pF(+254pF,1035L,730mm)"
"255pF(+255pF,841L,687mm)","255pF(+255pF,966L,686mm)","255pF(+255pF,1015L,685mm)","255pF(+255pF,1040L,733mm)"
"256pF(+256pF,845L,690mm)","256pF(+256pF,971L,689mm)","256pF(+256pF,1019L,687mm)","256pF(+256pF,1045L,736mm)"
"257pF(+257pF,847L,692mm)","257pF(+257pF,974L,691mm)","257pF(+257pF,1024L,690mm)","257pF(+257pF,1048L,738mm)"
"258pF(+258pF,851L,695mm)","258pF(+258pF,979L,694mm)","258pF(+258pF,1029L,693mm)","258pF(+258pF,1052L,741mm)"
"259pF(+259pF,853L,697mm)","259pF(+259pF,984L,697mm)","259pF(+259pF,1033L,695mm)","259pF(+259pF,1057L,744mm)"
"260pF(+260pF,856L,700mm)","260pF(+260pF,987L,699mm)","260pF(+260pF,1038L,698mm)","260pF(+260pF,1061L,747mm)"
"261pF(+261pF,860L,703mm)","261pF(+261pF,992L,702mm)","261pF(+261pF,1042L,700mm)","261pF(+261pF,1066L,750mm)"
"262pF(+262pF,862L,705mm)","262pF(+262pF,995L,704mm)","262pF(+262pF,1047L,703mm)","262pF(+262pF,1069L,752mm)"
"263pF(+263pF,865L,708mm)","263pF(+263pF,1000L,707mm)","263pF(+263pF,1052L,706mm)","263pF(+263pF,1073L,755mm)"
"264pF(+264pF,867L,710mm)","264pF(+264pF,1004L,710mm)","264pF(+264pF,1056L,708mm)","264pF(+264pF,1078L,758mm)"
"265pF(+265pF,871L,713mm)","265pF(+265pF,1007L,712mm)","265pF(+265pF,1061L,711mm)","265pF(+265pF,1082L,761mm)"
"266pF(+266pF,874L,716mm)","266pF(+266pF,1012L,715mm)","266pF(+266pF,1064L,713mm)","266pF(+266pF,1087L,764mm)"
"267pF(+267pF,876L,718mm)","267pF(+267pF,1015L,717mm)","267pF(+267pF,1070L,716mm)","267pF(+267pF,1089L,766mm)"
"268pF(+268pF,879L,721mm)","268pF(+268pF,1020L,720mm)","268pF(+268pF,1075L,719mm)","268pF(+268pF,1094L,769mm)"
"269pF(+269pF,881L,723mm)","269pF(+269pF,1025L,723mm)","269pF(+269pF,1078L,721mm)","269pF(+269pF,1098L,772mm)"
"270pF(+270pF,884L,726mm)","270pF(+270pF,1028L,725mm)","270pF(+270pF,1083L,724mm)","270pF(+270pF,1102L,775mm)"
"271pF(+271pF,887L,729mm)","271pF(+271pF,1032L,728mm)","271pF(+271pF,1087L,726mm)","271pF(+271pF,1105L,777mm)"
"272pF(+272pF,889L,731mm)","272pF(+272pF,1035L,730mm)","272pF(+272pF,1092L,729mm)","272pF(+272pF,1110L,780mm)"
"273pF(+273pF,892L,734mm)","273pF(+273pF,1040L,733mm)","273pF(+273pF,1097L,732mm)","273pF(+273pF,1114L,783mm)"
"274pF(+274pF,895L,737mm)","274pF(+274pF,1045L,736mm)","274pF(+274pF,1100L,734mm)","274pF(+274pF,1118L,786mm)"
"275pF(+275pF,897L,739mm)","275pF(+275pF,1048L,738mm)","275pF(+275pF,1105L,737mm)","275pF(+275pF,1122L,789mm)"
"276pF(+276pF,900L,742mm)","276pF(+276pF,1052L,741mm)","276pF(+276pF,1109L,739mm)","276pF(+276pF,1125L,791mm)"
"277pF(+277pF,902L,744mm)","277pF(+277pF,1055L,743mm)","277pF(+277pF,1114L,742mm)","277pF(+277pF,1129L,794mm)"
"278pF(+278pF,905L,747mm)","278pF(+278pF,1060L,746mm)","278pF(+278pF,1119L,745mm)","278pF(+278pF,1133L,797mm)"
"279pF(+279pF,908L,750mm)","279pF(+279pF,1064L,749mm)","279pF(+279pF,1122L,747mm)","279pF(+279pF,1137L,800mm)"
"280pF(+280pF,910L,752mm)","280pF(+280pF,1067L,751mm)","280pF(+280pF,1127L,750mm)","280pF(+280pF,1141L,803mm)"
"281pF(+281pF,912L,755mm)","281pF(+281pF,1072L,754mm)","281pF(+281pF,1131L,752mm)","281pF(+281pF,1144L,805mm)"
"282pF(+282pF,914L,757mm)","282pF(+282pF,1075L,756mm)","282pF(+282pF,1136L,755mm)","282pF(+282pF,1148L,808mm)"
"283pF(+283pF,917L,760mm)","283pF(+283pF,1079L,759mm)","283pF(+283pF,1140L,758mm)","283pF(+283pF,1152L,811mm)"
"284pF(+284pF,920L,763mm)","284pF(+284pF,1084L,762mm)","284pF(+284pF,1144L,760mm)","284pF(+284pF,1156L,814mm)"
"285pF(+285pF,921L,765mm)","285pF(+285pF,1087L,764mm)","285pF(+285pF,1149L,763mm)","285pF(+285pF,1159L,816mm)"
"286pF(+286pF,924L,768mm)","286pF(+286pF,1091L,767mm)","286pF(+286pF,1152L,765mm)","286pF(+286pF,1163L,819mm)"
"287pF(+287pF,926L,770mm)","287pF(+287pF,1094L,769mm)","287pF(+287pF,1157L,768mm)","287pF(+287pF,1166L,822mm)"
"288pF(+288pF,928L,773mm)","288pF(+288pF,1098L,772mm)","288pF(+288pF,1162L,771mm)","288pF(+288pF,1170L,825mm)"
"289pF(+289pF,930L,776mm)","289pF(+289pF,1102L,775mm)","289pF(+289pF,1165L,773mm)","289pF(+289pF,1174L,828mm)"
"290pF(+290pF,932L,778mm)","290pF(+290pF,1105L,777mm)","290pF(+290pF,1170L,776mm)","290pF(+290pF,1177L,830mm)"
"291pF(+291pF,934L,781mm)","291pF(+291pF,1110L,780mm)","291pF(+291pF,1173L,778mm)","291pF(+291pF,1180L,833mm)"
"292pF(+292pF,936L,783mm)","292pF(+292pF,1114L,783mm)","292pF(+292pF,1178L,781mm)","292pF(+292pF,1184L,836mm)"
"293pF(+293pF,938L,786mm)","293pF(+293pF,1117L,785mm)","293pF(+293pF,1183L,784mm)","293pF(+293pF,1188L,839mm)"
"294pF(+294pF,940L,789mm)","294pF(+294pF,1121L,788mm)","294pF(+294pF,1186L,786mm)","294pF(+294pF,1192L,842mm)"
"295pF(+295pF,942L,791mm)","295pF(+295pF,1124L,790mm)","295pF(+295pF,1191L,789mm)","295pF(+295pF,1194L,844mm)"
"296pF(+296pF,944L,794mm)","296pF(+296pF,1128L,793mm)","296pF(+296pF,1194L,791mm)","296pF(+296pF,1198L,847mm)"
"297pF(+297pF,945L,796mm)","297pF(+297pF,1132L,796mm)","297pF(+297pF,1198L,794mm)","297pF(+297pF,1201L,850mm)"
"298pF(+298pF,947L,799mm)","298pF(+298pF,1135L,798mm)","298pF(+298pF,1203L,797mm)","298pF(+298pF,1205L,853mm)"
"299pF(+299pF,949L,802mm)","299pF(+299pF,1139L,801mm)","299pF(+299pF,1206L,799mm)","299pF(+299pF,1207L,855mm)"
"300pF(+300pF,949L,804mm)","300pF(+300pF,1141L,803mm)","300pF(+300pF,1211L,802mm)","300pF(+300pF,1211L,858mm)"
"301pF(+301pF,949L,807mm)","301pF(+301pF,1145L,806mm)","301pF(+301pF,1214L,804mm)","301pF(+301pF,1214L,861mm)"
"302pF(+302pF,949L,809mm)","302pF(+302pF,1149L,809mm)","302pF(+302pF,1219L,807mm)","302pF(+302pF,1217L,864mm)"
"303pF(+303pF,949L,812mm)","303pF(+303pF,1152L,811mm)","303pF(+303pF,1223L,810mm)","303pF(+303pF,1221L,867mm)"
"304pF(+304pF,949L,815mm)","304pF(+304pF,1156L,814mm)","304pF(+304pF,1226L,812mm)","304pF(+304pF,1223L,869mm)"
"305pF(+305pF,949L,817mm)","305pF(+305pF,1159L,816mm)","305pF(+305pF,1231L,815mm)","305pF(+305pF,1226L,872mm)"
"306pF(+306pF,949L,820mm)","306pF(+306pF,1163L,819mm)","306pF(+306pF,1234L,817mm)","306pF(+306pF,1230L,875mm)"
"307pF(+307pF,949L,823mm)","307pF(+307pF,1166L,822mm)","307pF(+307pF,1238L,820mm)","307pF(+307pF,1233L,878mm)"
,"308pF(+308pF,1169L,824mm)","308pF(+308pF,1243L,823mm)","308pF(+308pF,1236L,881mm)"
,"309pF(+309pF,1173L,827mm)","309pF(+309pF,1246L,825mm)","309pF(+309pF,1238L,883mm)"
,"310pF(+310pF,1175L,829mm)","310pF(+310pF,1250L,828mm)","310pF(+310pF,1241L,886mm)"
,"311pF(+311pF,1179L,832mm)","311pF(+311pF,1253L,830mm)","311pF(+311pF,1245L,889mm)"
,"312pF(+312pF,1183L,835mm)","312pF(+312pF,1257L,833mm)","312pF(+312pF,1248L,892mm)"
,"313pF(+313pF,1185L,837mm)","313pF(+313pF,1260L,835mm)","313pF(+313pF,1250L,894mm)"
,"314pF(+314pF,1189L,840mm)","314pF(+314pF,1265L,838mm)","314pF(+314pF,1253L,897mm)"
,"315pF(+315pF,1192L,842mm)","315pF(+315pF,1269L,841mm)","315pF(+315pF,1256L,900mm)"
,"316pF(+316pF,1195L,845mm)","316pF(+316pF,1272L,843mm)","316pF(+316pF,1258L,903mm)"
,"317pF(+317pF,1199L,848mm)","317pF(+317pF,1276L,846mm)","317pF(+317pF,1261L,906mm)"
,"318pF(+318pF,1201L,850mm)","318pF(+318pF,1279L,848mm)","318pF(+318pF,1263L,908mm)"
,"319pF(+319pF,1205L,853mm)","319pF(+319pF,1283L,851mm)","319pF(+319pF,1266L,911mm)"
,"320pF(+320pF,1207L,855mm)","320pF(+320pF,1287L,854mm)","320pF(+320pF,1269L,914mm)"
,"321pF(+321pF,1211L,858mm)","321pF(+321pF,1290L,856mm)","321pF(+321pF,1271L,917mm)"
,"322pF(+322pF,1214L,861mm)","322pF(+322pF,1294L,859mm)","322pF(+322pF,1274L,920mm)"
,"323pF(+323pF,1216L,863mm)","323pF(+323pF,1297L,861mm)","323pF(+323pF,1276L,922mm)"
,"324pF(+324pF,1220L,866mm)","324pF(+324pF,1301L,864mm)","324pF(+324pF,1278L,925mm)"
,"325pF(+325pF,1222L,868mm)","325pF(+325pF,1305L,867mm)","325pF(+325pF,1281L,928mm)"
,"326pF(+326pF,1225L,871mm)","326pF(+326pF,1308L,869mm)","326pF(+326pF,1283L,931mm)"
,"327pF(+327pF,1229L,874mm)","327pF(+327pF,1312L,872mm)","327pF(+327pF,1285L,933mm)"
,"328pF(+328pF,1231L,876mm)","328pF(+328pF,1315L,874mm)","328pF(+328pF,1285L,936mm)"
,"329pF(+329pF,1234L,879mm)","329pF(+329pF,1319L,877mm)","329pF(+329pF,1285L,939mm)"
,"330pF(+330pF,1236L,881mm)","330pF(+330pF,1322L,880mm)","330pF(+330pF,1285L,942mm)"
,"331pF(+331pF,1239L,884mm)","331pF(+331pF,1325L,882mm)","331pF(+331pF,1285L,945mm)"
,"332pF(+332pF,1242L,887mm)","332pF(+332pF,1329L,885mm)","332pF(+332pF,1285L,947mm)"
,"333pF(+333pF,1245L,889mm)","333pF(+333pF,1332L,887mm)","333pF(+333pF,1285L,950mm)"
,"334pF(+334pF,1248L,892mm)","334pF(+334pF,1335L,890mm)","334pF(+334pF,1285L,953mm)"
,"335pF(+335pF,1250L,894mm)","335pF(+335pF,1339L,893mm)","335pF(+335pF,1285L,956mm)"
,"336pF(+336pF,1253L,897mm)","336pF(+336pF,1342L,895mm)","336pF(+336pF,1285L,959mm)"
,"337pF(+337pF,1256L,900mm)","337pF(+337pF,1345L,898mm)","337pF(+337pF,1285L,961mm)"
,"338pF(+338pF,1257L,902mm)","338pF(+338pF,1348L,900mm)","338pF(+338pF,1285L,964mm)"
,"339pF(+339pF,1260L,905mm)","339pF(+339pF,1351L,903mm)","339pF(+339pF,1285L,967mm)"
,"340pF(+340pF,1262L,907mm)","340pF(+340pF,1355L,906mm)","340pF(+340pF,1285L,970mm)"
,"341pF(+341pF,1265L,910mm)","341pF(+341pF,1358L,908mm)","341pF(+341pF,1285L,973mm)"
,"342pF(+342pF,1268L,913mm)","342pF(+342pF,1361L,911mm)",
,"343pF(+343pF,1270L,915mm)","343pF(+343pF,1363L,913mm)",
,"344pF(+344pF,1272L,918mm)","344pF(+344pF,1367L,916mm)",
,"345pF(+345pF,1274L,920mm)","345pF(+345pF,1370L,919mm)",
,"346pF(+346pF,1277L,923mm)","346pF(+346pF,1373L,921mm)",
,"347pF(+347pF,1279L,926mm)","347pF(+347pF,1376L,924mm)",
,"348pF(+348pF,1281L,928mm)","348pF(+348pF,1378L,926mm)",
,"349pF(+349pF,1283L,931mm)","349pF(+349pF,1382L,929mm)",
,"350pF(+350pF,1285L,933mm)","350pF(+350pF,1385L,932mm)",
,"351pF(+351pF,1287L,936mm)","351pF(+351pF,1387L,934mm)",
,"352pF(+352pF,1289L,939mm)","352pF(+352pF,1390L,937mm)",
,"353pF(+353pF,1291L,941mm)","353pF(+353pF,1392L,939mm)",
,"354pF(+354pF,1292L,944mm)","354pF(+354pF,1396L,942mm)",
,"355pF(+355pF,1292L,946mm)","355pF(+355pF,1399L,945mm)",
,"356pF(+356pF,1292L,949mm)","356pF(+356pF,1401L,947mm)",
,"357pF(+357pF,1292L,952mm)","357pF(+357pF,1404L,950mm)",
,"358pF(+358pF,1292L,954mm)","358pF(+358pF,1406L,952mm)",
,"359pF(+359pF,1292L,957mm)","359pF(+359pF,1409L,955mm)",
,"360pF(+360pF,1292L,959mm)","360pF(+360pF,1412L,958mm)",
,"361pF(+361pF,1292L,962mm)","361pF(+361pF,1414L,960mm)",
,"362pF(+362pF,1292L,965mm)","362pF(+362pF,1416L,963mm)",
,"363pF(+363pF,1292L,967mm)","363pF(+363pF,1418L,965mm)",
,"364pF(+364pF,1292L,970mm)","364pF(+364pF,1421L,968mm)",
,"365pF(+365pF,1292L,973mm)","365pF(+365pF,1424L,971mm)",
,,"366pF(+366pF,1425L,973mm)",
,,"367pF(+367pF,1428L,976mm)",
,,"368pF(+368pF,1430L,978mm)",
,,"369pF(+369pF,1432L,981mm)",
,,"370pF(+370pF,1435L,984mm)",
,,"371pF(+371pF,1436L,986mm)",
,,"372pF(+372pF,1439L,989mm)",
,,"373pF(+373pF,1439L,991mm)",
,,"374pF(+374pF,1439L,994mm)",
,,"375pF(+375pF,1439L,997mm)",
,,"376pF(+376pF,1439L,999mm)",
,,"377pF(+377pF,1439L,1002mm)",
,,"378pF(+378pF,1439L,1004mm)",
,,"379pF(+379pF,1439L,1007mm)",
,,"380pF(+380pF,1439L,1010mm)",
,,"381pF(+381pF,1439L,1012mm)",
,,"382pF(+382pF,1439L,1015mm)",
,,"383pF(+383pF,1439L,1017mm)",
,,"384pF(+384pF,1439L,1020mm)",
,,"385pF(+385pF,1439L,1023mm)",
